Epoch,Loss
1.0,0.00035121211952233956
2.0,0.00023187743113238765
3.0,0.00023188441965895536
4.0,0.00023188442519151269
5.0,0.00023188442519232112
